"Nome","Descrição","Capacidade","Domínio","Versão","Origem","Ambiente","Status","Roadmap","Tecnologia","Plataforma","Responsável"
"CTC Crédito","Central de Transferência de Crédito","Empréstimos e Financiamentos","Produtos e Serviços","1.0","FORNECEDOR","ONPREMISES","Ativo","EVOLUIR","","TRAD.","Alecsandro Cararo"
"IB Pessoa Jurídica","Plataforma para gerenciamento de PJ.","Mobile Banking & Internet Banking","Canais","1.0","PROPRIO","ONPREMISES","Ativo","EVOLUIR","C# Dot net","","Mayra Yumi Sokabe"
"App GoMulti","Sistema importado da capacidade Mobile e Internet Banking.","Mobile Banking & Internet Banking","Canais","1.0","PROPRIO","ONPREMISES","Ativo","EVOLUIR","","TRAD.","Mayra Yumi Sokabe"
"Protagoniza","Sistema de treinamentos dos colaboradores do Banco BS2","Portais Digitais","Canais","1.0","FORNECEDOR","CLOUD","Ativo","MANTER","C# Dot net","SaaS","Amanda Damasceno"
"BlueApp Admin","Sistema importado da capacidade Plataforma de Atendimento.","Investimentos & Tesouraria","Produtos e Serviços","1.0","PROPRIO","ONPREMISES","Ativo","EVOLUIR","","",""
"FreeBSD ( IM )","Sistema gerado automaticamente para agrupar componentes sem vínculo explícito de sistema na origem.","Cadastro e Validação (KYC)","Gestão de Clientes","1.0","FORNECEDOR","ONPREMISES","Inativo","SUBSTITUIR","","SaaS","Benylton Lucas Santos Silva"
"HubSpot","Sistema importado da capacidade Atendimento (Call Center/Chat).","CRM e Gestão de Relacionamento","Marketing e Experiência do Cliente","1.0","FORNECEDOR","ONPREMISES","Ativo","SUBSTITUIR","","SAAS","Mayra Yumi Sokabe"
"Salesforce","Sistema importado da capacidade Atendimento (Call Center/Chat).","CRM e Gestão de Relacionamento","Marketing e Experiência do Cliente","1.0","FORNECEDOR","CLOUD","Ativo","SUBSTITUIR","","SAAS","Mayra Yumi Sokabe"
"Genesys","Sistema importado da capacidade Atendimento (Call Center/Chat).","Plataforma de Atendimento","Canais","1.0","FORNECEDOR","SAAS","Ativo","MANTER","","SAAS","Mayra Yumi Sokabe"
"Intranet","Sistema importado da capacidade Mídia Social e Portais.","Portais Digitais","Canais","1.0","PROPRIO","ONPREMISES","Ativo","MANTER","","",""
"SharePoint","Sistema importado da capacidade Mídia Social e Portais.","Produtividade e Colaboração Corporativa","Sistemas Corporativos","1.0","FORNECEDOR","SAAS","Ativo","MANTER","","SAAS","Amanda Damasceno"
"Cadastro de Indices","","Contábil, Fiscal e Financeiro","Sistemas Corporativos","1.0","PROPRIO","ONPREMISES","Ativo","MANTER","","TRAD.","Amanda Damasceno"
"Bases Corporativas (CBS)","Sistema importado da capacidade Cadastro e Validação (KYC).","Cadastro e Validação (KYC)","Gestão de Clientes","1.0","PROPRIO","ONPREMISES","Ativo","MANTER","","TRAD.",""
"Onboarding PJ","Sistema importado da capacidade Onboarding de Cliente.","Onboarding de Cliente","Gestão de Clientes","1.0","PROPRIO","ONPREMISES","Ativo","EVOLUIR","","TRAD.","Mayra Yumi Sokabe"
"HubSpot","Sistema importado da capacidade Vendas e Campanhas.","Campanhas e Automação de Marketing","Marketing e Experiência do Cliente","1.0","FORNECEDOR","SAAS","Ativo","SUBSTITUIR","","SAAS",""
"Cactus","Sistema Antifraude e Prevenção.","Antifraude e Prevenção","Gestão de Clientes","1.0","PROPRIO","HIBRIDO","Ativo","MANTER","","TRAD.","André Brasiliano"
"AML","Sistema importado da capacidade Antifraude e Prevenção.","Antifraude e Prevenção","Gestão de Clientes","1.0","FORNECEDOR","CLOUD","Ativo","SUBSTITUIR","","SAAS",""
"PLD as a Service","Sistema importado da capacidade Antifraude e Prevenção.","Antifraude e Prevenção","Gestão de Clientes","1.0","FORNECEDOR","CLOUD","Inativo","MANTER","","TRAD.",""
"Conta Corrente Bs2","Sistema importado da capacidade Conta Corrente e Cash Management.","Contas & Cash Management","Produtos e Serviços","1.0","PROPRIO","ONPREMISES","Ativo","MANTER","","TRAD.","Paula Hellen"
"BS2 Crédito","Sistema importado da capacidade Empréstimos e Financiamentos.","Empréstimos e Financiamentos","Produtos e Serviços","1.0","PROPRIO","HIBRIDO","Ativo","MANTER","","TRAD.",""
"FinCorp","Linha de crédito especializada para incorporadoras e construtoras, criada para financiar obras de empreendimentos residenciais, comerciais ou mistos.","Empréstimos e Financiamentos","Produtos e Serviços","1.0","FORNECEDOR","CLOUD","Inativo","MANTER","","SAAS","Alecsandro Cararo"
"Miletus","Sistema de armazenamento de limites operacionais de clientes","Câmbio e Moeda Estrangeira","Produtos e Serviços","1.0","PROPRIO","ONPREMISES","Ativo","EVOLUIR","","TRAD.","Celso Milan Filho"
"Conta PJ Internacional","Acesso dos usuários PJ ao aplicativo de Conta Internacional para envio de remessa e transferência de moeda","Câmbio e Moeda Estrangeira","Produtos e Serviços","1.0","PROPRIO","ONPREMISES","Ativo","EVOLUIR","","TRAD.","Celso Milan Filho"
"CRK Renda Fixa","Sistema importado da capacidade Tesouraria e Investimentos.","Investimentos & Tesouraria","Produtos e Serviços","1.0","FORNECEDOR","ONPREMISES","Ativo","MANTER","","SAAS","Amanda Damasceno"
"Processadora Dock","Sistema importado da capacidade Cartões.","Cartões","Produtos e Serviços","1.0","FORNECEDOR","ONPREMISES","Ativo","MANTER","","SaaS","Paula Hellen"
"Processadora Bit55","Sistema importado da capacidade Cartões.","Cartões","Produtos e Serviços","1.0","FORNECEDOR","SAAS","Ativo","SUBSTITUIR","","SAAS",""
"SisCorp","Sistema importado da capacidade Precatórios.","Precatórios","Produtos e Serviços","1.0","FORNECEDOR","ONPREMISES","Ativo","SUBSTITUIR","","SAAS","Amanda Damasceno"
"Mercatório","Sistema importado da capacidade Precatórios.","Precatórios","Produtos e Serviços","1.0","FORNECEDOR","CLOUD","Ativo","SUBSTITUIR","","SAAS",""
"IS2B (Itaú)","Sistema importado da capacidade Hub de Processamento.","Processamento de Pagamentos","Pagamentos","1.0","FORNECEDOR","CLOUD","Ativo","MANTER","","SAAS",""
"Easy Pay","Sistema de transação PIX Internacional","Processamento de Pagamentos","Pagamentos","1.0","FORNECEDOR","ONPREMISES","Ativo","MANTER","","TRAD.","Celso Milan Filho"
"Sirius","Sistema importado da capacidade Hub de Processamento.","Contas & Cash Management","Produtos e Serviços","1.0","PROPRIO","ONPREMISES","Ativo","MANTER","","TRAD.","Paula Hellen"
"Alliance (Swift)","Sistema importado da capacidade Pagamentos Internacionais.","Pagamentos Internacionais","Pagamentos","1.0","PROPRIO","CLOUD","Ativo","MANTER","","TRAD.","Celso Milan Filho"
"BigQuery","Sistema importado da capacidade Data Warehouse e Data Lake.","Data & Storage","Dados & Analytics","1.0","FORNECEDOR","CLOUD","Ativo","MANTER","","PAAS","Alexandre Palmieri Sad"
"SQL Server","Sistema importado da capacidade Data Warehouse e Data Lake.","Data & Storage","Dados & Analytics","1.0","FORNECEDOR","ONPREMISES","Ativo","MANTER","","","Alexandre Palmieri Sad"
"Power BI","Sistema importado da capacidade BI.","BI & Analytics","Dados & Analytics","1.0","FORNECEDOR","SAAS","Ativo","MANTER","","SAAS","Fábio Gonzaga"
"Looker","Sistema importado da capacidade BI.","BI & Analytics","Dados & Analytics","1.0","FORNECEDOR","CLOUD","Ativo","MANTER","","SaaS","Alexandre Palmieri Sad"
"Qlik","Sistema importado da capacidade BI.","BI & Analytics","Dados & Analytics","1.0","FORNECEDOR","ONPREMISES","Ativo","SUBSTITUIR","","SaaS","Alexandre Palmieri Sad"
"Looker Studio Pro","Sistema cadastrado para a capacidade BI.","BI & Analytics","Dados & Analytics","1.0","FORNECEDOR","ONPREMISES","Ativo","EVOLUIR","","SaaS","Alexandre Palmieri Sad"
"Apache Spark","Sistema importado da capacidade Advanced Analytics.","Data & Storage","Dados & Analytics","1.0","FORNECEDOR","CLOUD","Inativo","DESCONTINUAR","","PaaS","Alexandre Palmieri Sad"
"BIG","Sistema importado da capacidade Relatórios Regulatórios.","Relatórios Regulatórios","Dados & Analytics","1.0","PROPRIO","CLOUD","Descomissionado","EVOLUIR","","","Alexandre Palmieri Sad"
"Apigee","Sistema importado da capacidade Plataforma de API e Middleware.","Plataforma de Integração & API","Integração e Orquestração","1.0","FORNECEDOR","CLOUD","Ativo","MANTER","","SaaS",""
"Kong","Sistema importado da capacidade Plataforma de API e Middleware.","Plataforma de Integração & API","Integração e Orquestração","1.0","FORNECEDOR","ONPREMISES","Ativo","MANTER","","SaaS",""
"Broadcom","Sistema importado da capacidade Plataforma de API e Middleware.","Plataforma de Integração & API","Integração e Orquestração","1.0","FORNECEDOR","ONPREMISES","Ativo","SUBSTITUIR","","SAAS",""
"Power Automate","Sistema importado da capacidade BPM & RPA.","BPM & RPA","Integração e Orquestração","1.0","FORNECEDOR","CLOUD","Ativo","SUBSTITUIR","","PAAS",""
"GRB Evolution","Sistema importado da capacidade Contábil, Fiscal e Financeiro.","Contábil, Fiscal e Financeiro","Sistemas Corporativos","1.0","FORNECEDOR","CLOUD","Ativo","DESCONTINUAR","","SAAS","Amanda Damasceno"
"Office 365","Sistema importado da capacidade Comunicação e Colaboração.","Produtividade e Colaboração Corporativa","Sistemas Corporativos","1.0","FORNECEDOR","CLOUD","Ativo","MANTER","","PAAS","Amanda Damasceno"
"Slack","Sistema importado da capacidade Comunicação e Colaboração.","Produtividade e Colaboração Corporativa","Sistemas Corporativos","1.0","FORNECEDOR","CLOUD","Ativo","MANTER","","SAAS",""
"Archer","Sistema importado da capacidade Risco e Compliance.","Risco e Compliance","Sistemas Corporativos","1.0","FORNECEDOR","CLOUD","Inativo","MANTER","","SAAS","Amanda Damasceno"
"Módulo","Sistema importado da capacidade Risco e Compliance.","Risco e Compliance","Sistemas Corporativos","1.0","FORNECEDOR","CLOUD","Ativo","SUBSTITUIR","","SAAS",""
"DocuSign","Sistema importado da capacidade Gestão de Assinatura de Documentos.","Gestão de Assinatura de Documentos","Sistemas Corporativos","1.0","FORNECEDOR","CLOUD","Ativo","SUBSTITUIR","","SAAS",""
"Jira","Sistema importado da capacidade Service Desk e Gestão (ITSM).","Service Desk & ITSM","Operações de TI","1.0","FORNECEDOR","CLOUD","Ativo","MANTER","","SAAS",""
"Azure DevOps","Sistema importado da capacidade Service Desk e Gestão (ITSM).","Service Desk & ITSM","Operações de TI","1.0","FORNECEDOR","CLOUD","Ativo","SUBSTITUIR","","SAAS","Marcos Vinicius Garcia"
"BMC Atrium","Sistema importado da capacidade Service Desk e Gestão (ITSM).","Service Desk & ITSM","Operações de TI","1.0","FORNECEDOR","CLOUD","Ativo","SUBSTITUIR","","SAAS",""
"Datadog","Sistema importado da capacidade Monitoramento e Observability.","Monitoramento & Observability","Operações de TI","1.0","FORNECEDOR","CLOUD","Ativo","MANTER","","SaaS",""
"Dynatrace","Sistema importado da capacidade Monitoramento e Observability.","Monitoramento & Observability","Operações de TI","1.0","FORNECEDOR","CLOUD","Ativo","SUBSTITUIR","","SAAS",""
"Zabbix","Sistema importado da capacidade Monitoramento e Observability.","Monitoramento & Observability","Operações de TI","1.0","FORNECEDOR","ONPREMISES","Ativo","MANTER","","SAAS",""
"Azure DevOps","Sistema importado da capacidade Configuração e CI/CD.","Configuração e CI/CD","Operações de TI","1.0","FORNECEDOR","CLOUD","Ativo","SUBSTITUIR","","SAAS","Marcos Vinicius Garcia"
"GitLab","Sistema importado da capacidade Configuração e CI/CD.","Configuração e CI/CD","Operações de TI","1.0","FORNECEDOR","SAAS","Ativo","SUBSTITUIR","","SAAS",""
"GitHub","Sistema importado da capacidade Configuração e CI/CD.","Configuração e CI/CD","Operações de TI","1.0","FORNECEDOR","SAAS","Ativo","MANTER","","SAAS",""
"Zscaler","Sistema importado da capacidade Segurança da Informação.","Segurança da Informação","Operações de TI","1.0","FORNECEDOR","CLOUD","Ativo","MANTER","","SAAS",""
"Cyberark","é uma plataforma de PAM focada em proteger, gerenciar e monitorar contas com privilégios elevados (administradores, serviços, máquinas e APIs). Ela reduz o risco de ataques e vazamentos ao controlar credenciais sensíveis","Gestão de Segurança","Operações de TI","1.0","FORNECEDOR","CLOUD","Ativo","MANTER","","SAAS","Andre Carneiro De Castro"
"ATT CCO","Sistema ATT CCO adicionado automaticamente. Apto a tratar a capacidade Custumer Onboarding Engine.","Onboarding de Cliente","Gestão de Clientes","1.0","FORNECEDOR","ONPREMISES","Ativo","EVOLUIR","","SAAS",""
"PJ","Sistema PJ adicionado automaticamente. Apto a tratar a capacidade Custumer Onboarding Engine.","Onboarding de Cliente","Gestão de Clientes","1.0","PROPRIO","ONPREMISES","Ativo","EVOLUIR","","TRAD.",""
"BS2 GO","Sistema BS2 GO adicionado automaticamente. Apto a tratar a capacidade Custumer Onboarding Engine.","Onboarding de Cliente","Gestão de Clientes","1.0","PROPRIO","ONPREMISES","Ativo","EVOLUIR","","TRAD.","Mayra Yumi Sokabe"
"FepWeb","Sistema FepWeb adicionado automaticamente. Apto a tratar a capacidade Custumer Onboarding Engine.","Onboarding de Cliente","Gestão de Clientes","1.0","FORNECEDOR","CLOUD","Ativo","MANTER","","PAAS",""
"Empréstimo (Sinqia)","Sistema Empréstimo (Sinqia) adicionado automaticamente. Apto a tratar a capacidade Empréstimos e Financiamentos.","Empréstimos e Financiamentos","Produtos e Serviços","1.0","FORNECEDOR","ONPREMISES","Ativo","SUBSTITUIR","","SAAS",""
"Cheque Especial","Sistema de limite de cheque especial para empresas","Contas & Cash Management","Produtos e Serviços","1.0","FORNECEDOR","ONPREMISES","Ativo","SUBSTITUIR","","SAAS","Gerson Marques Junior"
"Boletador","Sistema Boletador adicionado automaticamente. Apto a tratar a capacidade Empréstimos e Financiamentos.","Empréstimos e Financiamentos","Produtos e Serviços","1.0","PROPRIO","ONPREMISES","Ativo","EVOLUIR","","TRAD.","Alecsandro Cararo"
"Cadastro Positivo","Sistema para agrupamento de informações para subsidiar concessão de crédito","Empréstimos e Financiamentos","Produtos e Serviços","1.0","FORNECEDOR","ONPREMISES","Ativo","SUBSTITUIR","","SAAS","Alecsandro Cararo"
"SCG - Limites & Garantias","Sistema que controla os limites de crédito e garantias das operações","Empréstimos e Financiamentos","Produtos e Serviços","1.0","FORNECEDOR","ONPREMISES","Ativo","MANTER","","SAAS","Alecsandro Cararo"
"Bancarização","","Empréstimos e Financiamentos","Produtos e Serviços","1.0","PROPRIO","HIBRIDO","Ativo","MANTER","","TRAD.","Alecsandro Cararo"
"FGI","Linha de crédito empresarial com garantia do Fundo Garantidor para Investimentos (BNDES), destinada a micro, pequenas e médias empresas (MPMEs) com faturamento anual de até R$ 300 milhões.","Empréstimos e Financiamentos","Produtos e Serviços","1.0","PROPRIO","ONPREMISES","Ativo","MANTER","","TRAD.","Alecsandro Cararo"
"Pronampe","(Programa Nacional de Apoio às Microempresas e Empresas de Pequeno Porte) é uma linha de crédito criada pelo Governo Federal e disponibilizada pelo Banco BS2 para micro e pequenas empresas com condições especiais.","Empréstimos e Financiamentos","Produtos e Serviços","1.0","PROPRIO","HIBRIDO","Ativo","MANTER","","TRAD.","Alecsandro Cararo"
"Sinqia Conta Corrente","Sistema CCO Sinqia adicionado automaticamente. Apto a tratar a capacidade Empréstimos e Financiamentos.","Contas & Cash Management","Produtos e Serviços","1.0","FORNECEDOR","ONPREMISES","Ativo","MANTER","","TRAD.","Gerson Marques Junior"
"K-Giro","Sistema K-Giro adicionado automaticamente. Apto a tratar a capacidade Empréstimos e Financiamentos.","Empréstimos e Financiamentos","Produtos e Serviços","1.0","PROPRIO","HIBRIDO","Ativo","MANTER","","TRAD.","Alecsandro Cararo"
"Giro Cartão","Linha de crédito empresarial destinada a manter o fluxo de caixa saudável e financiar despesas operacionais ou investimentos de curto prazo.","Empréstimos e Financiamentos","Produtos e Serviços","1.0","PROPRIO","ONPREMISES","Ativo","SUBSTITUIR","","TRAD.","Alecsandro Cararo"
"CPR","Sistema CPR adicionado automaticamente. Apto a tratar a capacidade Empréstimos e Financiamentos.","Empréstimos e Financiamentos","Produtos e Serviços","1.0","FORNECEDOR","ONPREMISES","Ativo","MANTER","","SAAS","Alecsandro Cararo"
"Limite Empresarial","Sistema Limite Empresarial adicionado automaticamente. Apto a tratar a capacidade Empréstimos e Financiamentos.","Empréstimos e Financiamentos","Produtos e Serviços","1.0","PROPRIO","HIBRIDO","Ativo","EVOLUIR","","TRAD.",""
"Remunera","Sistema Remunera adicionado automaticamente para a capacidade Precatório.","Precatórios","Produtos e Serviços","1.0","FORNECEDOR","CLOUD","Ativo","SUBSTITUIR","","SAAS","Celso Milan Filho"
"Change OnShore","Suportar e controlar todos processos e integrações das operações de Câmbio do BS2 junto ao mercado e aos legados BS2. Garantir diariamente as integrações das operações junto ao BACEN e a rede SWIFT. Garantir e controlar os processos contábeis e de conciliação das contas internas BS2 e das contas BS2 mantidas com banqueiros no exterior. Emitir os reports regulares do BACEN e de demais reguladores.","Câmbio e Moeda Estrangeira","Produtos e Serviços","1.0","FORNECEDOR","ONPREMISES","Ativo","MANTER","","SAAS","Celso Milan Filho"
"Change OffShore","Suportar e controlar todos processos e integrações das operações da conta internacional PF e PJ, processos de criação de onboarding, validação e e movimentações de saldo internacionais.","Câmbio e Moeda Estrangeira","Produtos e Serviços","1.0","FORNECEDOR","ONPREMISES","Ativo","MANTER","","SAAS","Celso Milan Filho"
"Apis Câmbio","Sistema Apis Câmbio adicionado automaticamente para a capacidade Câmbio e Moeda Estrangeira.","Câmbio e Moeda Estrangeira","Produtos e Serviços","1.0","PROPRIO","ONPREMISES","Ativo","EVOLUIR","","TRAD.",""
"Approve","Sistema Approve adicionado automaticamente para a capacidade Câmbio e Moeda Estrangeira.","Câmbio e Moeda Estrangeira","Produtos e Serviços","1.0","PROPRIO","CLOUD","Ativo","EVOLUIR","","TRAD.",""
"Refinitiv Reuters","Sistema Refinitiv Reuters adicionado automaticamente para a capacidade Câmbio e Moeda Estrangeira.","Câmbio e Moeda Estrangeira","Produtos e Serviços","1.0","PARCEIROS","CLOUD","Ativo","EVOLUIR","","SAAS",""
"Bankers Almanac","Sistema Bankers Almanac adicionado automaticamente para a capacidade Câmbio e Moeda Estrangeira.","Câmbio e Moeda Estrangeira","Produtos e Serviços","1.0","FORNECEDOR","CLOUD","Ativo","EVOLUIR","","SAAS",""
"Iban Checker","Sistema Iban Checker adicionado automaticamente para a capacidade Câmbio e Moeda Estrangeira.","Câmbio e Moeda Estrangeira","Produtos e Serviços","1.0","PROPRIO","CLOUD","Ativo","EVOLUIR","","TRAD.",""
"Filtro Swift","Chamado de FIRCO, solução de análise de transações de remessas (SWIFT), ferramenta de análise de PLD e Compliance.","Câmbio e Moeda Estrangeira","Produtos e Serviços","1.0","FORNECEDOR","CLOUD","Ativo","EVOLUIR","","SAAS","Celso Milan Filho"
"Sinqia SGR","Sistema SGR adicionado automaticamente para a capacidade Conta Corrente e Cash Management.","Contas & Cash Management","Produtos e Serviços","1.0","FORNECEDOR","ONPREMISES","Ativo","EVOLUIR","","SAAS","Gerson Marques Junior"
"Pix Direto","Sistema Pix Direto adicionado automaticamente para a capacidade Conta Corrente e Cash Management.","Contas & Cash Management","Produtos e Serviços","1.0","PROPRIO","HIBRIDO","Ativo","SUBSTITUIR","","TRAD.","Gerson Marques Junior"
"Pix Indireto","Sistema Pix Indireto adicionado automaticamente para a capacidade Conta Corrente e Cash Management.","Contas & Cash Management","Produtos e Serviços","1.0","PROPRIO","ONPREMISES","Ativo","MANTER","","TRAD.","Gerson Marques Junior"
"Gestão Financeira","Sistema de backoffice do setor financeiro e tesouraria","Contas & Cash Management","Produtos e Serviços","1.0","PROPRIO","ONPREMISES","Ativo","MANTER","","TRAD.","Paula Hellen"
"BS2 Pay","Sistema BS2 Pay adicionado automaticamente para a capacidade Conta Corrente e Cash Management.","Processamento de Pagamentos","Pagamentos","1.0","PROPRIO","ONPREMISES","Ativo","EVOLUIR","","TRAD.","Gerson Marques Junior"
"Gateway de Pagamentos","Sistema Gateway de Pagamentos adicionado automaticamente para a capacidade Conta Corrente e Cash Management.","Contas & Cash Management","Produtos e Serviços","1.0","PROPRIO","ONPREMISES","Ativo","MANTER","","TRAD.",""
"Bolepix","Sistema Bolepix adicionado automaticamente para a capacidade Conta Corrente e Cash Management.","Contas & Cash Management","Produtos e Serviços","1.0","PROPRIO","ONPREMISES","Ativo","MANTER","","TRAD.",""
"CRK Carteira","Sistema CRK Carteira adicionado automaticamente para a capacidade Tesouraria e Investimentos.","Tesouraria","Produtos e Serviços","1.0","FORNECEDOR","ONPREMISES","Ativo","MANTER","","SaaS","Amanda Damasceno"
"Swap (Swap e NDF)","Sistema Swap (Swap e NDF) adicionado automaticamente para a capacidade Tesouraria e Investimentos.","Investimentos & Tesouraria","Produtos e Serviços","1.0","PROPRIO","CLOUD","Ativo","EVOLUIR","","",""
"Apis Cartões","Sistema Apis Cartões adicionado automaticamente para a capacidade Cartões.","Cartões","Produtos e Serviços","1.0","PROPRIO","HIBRIDO","Ativo","EVOLUIR","","TRAD.",""
"TED/Pix Remessa","Sistema TED/Pix Remessa adicionado automaticamente para a capacidade Hub de Processamento.","Processamento de Pagamentos","Pagamentos","1.0","PROPRIO","ONPREMISES","Ativo","EVOLUIR","","TRAD.","Gerson Marques Junior"
"Sinqia Compensação Bancária","Sistema de processamento de compensação Bancária","Processamento de Pagamentos","Pagamentos","1.0","FORNECEDOR","ONPREMISES","Ativo","EVOLUIR","","SAAS","Paula Hellen"
"Itaú","Sistema Itaú adicionado automaticamente para a capacidade Hub de Processamento.","Parcerias","Integrações Externas","1.0","FORNECEDOR","CLOUD","Ativo","EVOLUIR","","SAAS",""
"PagFor","Sistema PagFor adicionado automaticamente para a capacidade Hub de Processamento.","Processamento de Pagamentos","Pagamentos","1.0","PROPRIO","HIBRIDO","Ativo","EVOLUIR","","TRAD.",""
"Neurotech","Sistema Neurotech adicionado automaticamente para a capacidade Cadastro e Validação (KYC).","Cadastro e Validação (KYC)","Gestão de Clientes","1.0","FORNECEDOR","CLOUD","Ativo","EVOLUIR","","SAAS",""
"Data Insights","Sistema Data Insights adicionado automaticamente para a capacidade Cadastro e Validação (KYC).","Data & Storage","Dados & Analytics","1.0","PROPRIO","CLOUD","Ativo","EVOLUIR","","","Alexandre Palmieri Sad"
"Neoway","Sistema Neoway adicionado automaticamente para a capacidade Cadastro e Validação (KYC).","Cadastro e Validação (KYC)","Gestão de Clientes","1.0","FORNECEDOR","CLOUD","Ativo","SUBSTITUIR","","SAAS",""
"LexisNexis","Sistema LexisNexis adicionado automaticamente para a capacidade Cadastro e Validação (KYC).","Cadastro e Validação (KYC)","Gestão de Clientes","1.0","PROPRIO","CLOUD","Ativo","EVOLUIR","","TRAD.",""
"Lista Restritiva","Sistema Lista Restritiva adicionado automaticamente para a capacidade Cadastro e Validação (KYC).","Cadastro e Validação (KYC)","Gestão de Clientes","1.0","PROPRIO","CLOUD","Ativo","SUBSTITUIR","","TRAD.",""
"IM","Sistema IM adicionado automaticamente para a capacidade Cadastro e Validação (KYC).","Cadastro e Validação (KYC)","Gestão de Clientes","1.0","FORNECEDOR","ONPREMISES","Ativo","SUBSTITUIR","","SAAS","Andre Carneiro De Castro"
"Serpro","Sistema Serpro adicionado automaticamente para a capacidade Cadastro e Validação (KYC).","Cadastro e Validação (KYC)","Gestão de Clientes","1.0","FORNECEDOR","CLOUD","Ativo","SUBSTITUIR","","SAAS",""
"Facetec","Sistema Facetec adicionado automaticamente para a capacidade Onboarding de Cliente.","Onboarding de Cliente","Gestão de Clientes","1.0","FORNECEDOR","CLOUD","Descomissionado","EVOLUIR","","SAAS",""
"Hi Platform","Sistema Hi Platform adicionado automaticamente para a capacidade Vendas e Campanhas.","Marketing e Experiência do Cliente","Gestão de Clientes","1.0","FORNECEDOR","CLOUD","Ativo","SUBSTITUIR","","SaaS",""
"Mautic","Sistema Mautic adicionado automaticamente para a capacidade Vendas e Campanhas.","Mensageria","Canais","1.0","FORNECEDOR","CLOUD","Ativo","SUBSTITUIR","","SAAS","Mayra Yumi Sokabe"
"Wester Union","Sistema Wester Union adicionado automaticamente para a capacidade Pagamentos Internacionais.","Pagamentos Internacionais","Pagamentos","1.0","FORNECEDOR","CLOUD","Ativo","EVOLUIR","","SAAS",""
"App PJ","Aplicativo Mobile PJ","Mobile Banking & Internet Banking","Canais","1.0","PROPRIO","ONPREMISES","Ativo","EVOLUIR","","TRAD.","Mayra Yumi Sokabe"
"APIs Cobrança","Apis de cobranças usadas por aparceiros","APIs de Banco (BAAS)","Canais","1.0","PROPRIO","ONPREMISES","Ativo","EVOLUIR","","TRAD.","Gerson Marques Junior"
"Portal do Consultor","Sistema Portal do Consultor adicionado automaticamente para a capacidade Plataforma de Atendimento.","Plataforma de Atendimento","Canais","1.0","PROPRIO","ONPREMISES","Ativo","EVOLUIR","","TRAD.","Mayra Yumi Sokabe"
"Api Management","Sistema Api Management adicionado automaticamente para a capacidade Apis/BAAS.","APIs de Banco (BAAS)","Canais","1.0","PROPRIO","ONPREMISES","Ativo","SUBSTITUIR","","TRAD.","Benylton Lucas Santos Silva"
"Api Pix","Sistema Api Pix adicionado automaticamente para a capacidade Apis/BAAS.","APIs de Banco (BAAS)","Canais","1.0","PROPRIO","ONPREMISES","Ativo","MANTER","","TRAD.","Gerson Marques Junior"
"Open Banking","Sistema Open Banking adicionado automaticamente para a capacidade Apis/BAAS.","APIs de Banco (BAAS)","Canais","1.0","PROPRIO","CLOUD","Ativo","EVOLUIR","","TRAD.",""
"TKSip","Sistema TKSip adicionado automaticamente para a capacidade CallCenter.","Atendimento Omnichannel","Canais","1.0","FORNECEDOR","CLOUD","Ativo","MANTER","","SAAS",""
"WhatsApp","Sistema WhatsApp adicionado automaticamente para a capacidade CallCenter.","Atendimento Omnichannel","Canais","1.0","FORNECEDOR","CLOUD","Ativo","MANTER","","SAAS",""
"FGI Whatsapp","","Atendimento Omnichannel","Canais","1.0","PROPRIO","CLOUD","Ativo","DESCONTINUAR","","TRAD.","Benylton Lucas Santos Silva"
"Infobip","Sistema infobip adicionado automaticamente para a capacidade Mensageria.","Comunicação Digital","Marketing e Experiência do Cliente","1.0","FORNECEDOR","CLOUD","Ativo","MANTER","","SAAS",""
"Amazon Ses","Sistema Amazon Ses adicionado automaticamente para a capacidade Mensageria.","Comunicação Digital","Marketing e Experiência do Cliente","1.0","FORNECEDOR","CLOUD","Ativo","EVOLUIR","","SAAS",""
"Mail Gun","Sistema Mail Gun adicionado automaticamente para a capacidade Mensageria.","Comunicação Digital","Marketing e Experiência do Cliente","1.0","FORNECEDOR","CLOUD","Ativo","EVOLUIR","","SAAS",""
"Jaiminho","Sistema Jaiminho adicionado automaticamente para a capacidade Mensageria.","Mensageria","Canais","1.0","PROPRIO","HIBRIDO","Ativo","SUBSTITUIR","","TRAD.","Mayra Yumi Sokabe"
"Twilio","Sistema Twilio adicionado automaticamente para a capacidade Mensageria.","Comunicação Digital","Marketing e Experiência do Cliente","1.0","FORNECEDOR","SAAS","Ativo","EVOLUIR","","SAAS","Mayra Yumi Sokabe"
"YouTube","Sistema YouTube adicionado automaticamente para a capacidade Social.","Conteúdo e Mídia Social","Marketing e Experiência do Cliente","1.0","FORNECEDOR","CLOUD","Ativo","MANTER","","SAAS",""
"Instagram","Sistema Instagram adicionado automaticamente para a capacidade Social.","Conteúdo e Mídia Social","Marketing e Experiência do Cliente","1.0","FORNECEDOR","CLOUD","Ativo","MANTER","","SAAS",""
"Facebok","Sistema Face adicionado automaticamente para a capacidade Social.","Conteúdo e Mídia Social","Marketing e Experiência do Cliente","1.0","FORNECEDOR","CLOUD","Ativo","MANTER","","PAAS",""
"LinkedIn","Sistema LinkedIn adicionado automaticamente para a capacidade Social.","Conteúdo e Mídia Social","Marketing e Experiência do Cliente","1.0","FORNECEDOR","CLOUD","Ativo","MANTER","","SAAS",""
"X","Sistema X adicionado automaticamente para a capacidade Social.","Social","Canais","1.0","FORNECEDOR","CLOUD","Ativo","MANTER","","SAAS",""
"Nginx","Nginx - Plataforma de API Externa","Exposição de APIs Externas","Integração e Orquestração","1.0","FORNECEDOR","ONPREMISES","Ativo","MANTER","","SaaS",""
"RabbitMQ","RabbitMQ - Middleware","Plataforma de Integração & API","Integração e Orquestração","1.0","FORNECEDOR","ONPREMISES","Ativo","MANTER","","SaaS",""
"Risk Engine","Risk Engine - BPM & RPA","BPM & RPA","Integração e Orquestração","1.0","FORNECEDOR","PRODUCAO","Ativo","SUBSTITUIR","","SAAS",""
"Sworks","Sworks - BPM & RPA","BPM & RPA","Integração e Orquestração","1.0","FORNECEDOR","ONPREMISES","Ativo","MANTER","","SAAS",""
"SFTP","SFTP - Ponto a Ponto","Integração por Arquivo & P2P","Integração e Orquestração","1.0","FORNECEDOR","ONPREMISES","Ativo","MANTER","","SaaS",""
"Connect Direct","Connect Direct - Ponto a Ponto","Integração por Arquivo & P2P","Integração e Orquestração","1.0","FORNECEDOR","ONPREMISES","Ativo","MANTER","","SaaS",""
"Database","Database - Ponto a Ponto","Integração por Arquivo & P2P","Integração e Orquestração","1.0","FORNECEDOR","ONPREMISES","Ativo","MANTER","","SaaS",""
"Vans","Vans - Ponto a Ponto","Integração por Arquivo & P2P","Integração e Orquestração","1.0","FORNECEDOR","ONPREMISES","Ativo","MANTER","","SaaS",""
"Crypto","Crypto - Sistemas Gerais","Contábil, Fiscal e Financeiro","Sistemas Corporativos","1.0","FORNECEDOR","ONPREMISES","Ativo","MANTER","","SaaS","Amanda Damasceno"
"Base Corporativa","Base Corporativa - Sistemas Gerais","Contábil, Fiscal e Financeiro","Sistemas Corporativos","1.0","PROPRIO","ONPREMISES","Ativo","EVOLUIR","","","Amanda Damasceno"
"Conciliação","Conciliação - Sistemas Gerais","Contábil, Fiscal e Financeiro","Sistemas Corporativos","1.0","PROPRIO","ONPREMISES","Ativo","EVOLUIR","","","Amanda Damasceno"
"RSFN","RSFN - Sistemas Gerais","Parcerias","Integrações Externas","1.0","FORNECEDOR","ONPREMISES","Ativo","MANTER","","SAAS","Amanda Damasceno"
"Topaz RSFN","Sistema de integração de pagamentos Topaz","Processamento de Pagamentos","Pagamentos","1.0","PROPRIO","ONPREMISES","Ativo","EVOLUIR","","TRAD.","Paula Hellen"
"Audaz","Audaz - RH (Recursos Humanos)","RH (Recursos Humanos)","Sistemas Corporativos","1.0","PROPRIO","CLOUD","Ativo","EVOLUIR","","TRAD.","Amanda Damasceno"
"JobConvo","JobConvo - RH (Recursos Humanos)","RH (Recursos Humanos)","Sistemas Corporativos","1.0","FORNECEDOR","CLOUD","Ativo","DESCONTINUAR","","SAAS","Amanda Damasceno"
"Qulture.Rocks","Qulture.Rocks - RH (Recursos Humanos)","RH (Recursos Humanos)","Sistemas Corporativos","1.0","FORNECEDOR","CLOUD","Ativo","EVOLUIR","","SAAS","Amanda Damasceno"
"SPB","SPB - Financeiras","Parcerias","Integrações Externas","1.0","FORNECEDOR","ONPREMISES","Ativo","MANTER","","SAAS","Amanda Damasceno"
"GreenSign","GreenSign - Gestão de Assinatura de Documentos","Gestão de Assinatura de Documentos","Sistemas Corporativos","1.0","FORNECEDOR","ONPREMISES","Ativo","SUBSTITUIR","","SAAS","Celso Milan Filho"
"ClickSign","ClickSign - Gestão de Assinatura de Documentos","Gestão de Assinatura de Documentos","Sistemas Corporativos","1.0","FORNECEDOR","CLOUD","Ativo","SUBSTITUIR","","SAAS","Amanda Damasceno"
"ClickCompliance","ClickCompliance - Risco e Compliance","Risco e Compliance","Sistemas Corporativos","1.0","FORNECEDOR","CLOUD","Ativo","MANTER","","SAAS","Amanda Damasceno"
"Draw.io","Draw.io - Comunicação e Colaboração","Produtividade e Colaboração Corporativa","Sistemas Corporativos","1.0","FORNECEDOR","CLOUD","Ativo","MANTER","","SAAS","Amanda Damasceno"
"Figma","Figma - Comunicação e Colaboração","Produtividade e Colaboração Corporativa","Sistemas Corporativos","1.0","FORNECEDOR","CLOUD","Ativo","MANTER","","SAAS","Amanda Damasceno"
"Miro","Miro - Comunicação e Colaboração","Produtividade e Colaboração Corporativa","Sistemas Corporativos","1.0","FORNECEDOR","CLOUD","Ativo","MANTER","","SAAS","Amanda Damasceno"
"Teams","Teams - Comunicação e Colaboração","Produtividade e Colaboração Corporativa","Sistemas Corporativos","1.0","FORNECEDOR","CLOUD","Ativo","MANTER","","SAAS","Amanda Damasceno"
"Zoom","Zoom - Comunicação e Colaboração","Produtividade e Colaboração Corporativa","Sistemas Corporativos","1.0","FORNECEDOR","CLOUD","Ativo","MANTER","","SAAS","Amanda Damasceno"
"Grafana","Grafana - Advanced Analytics","Monitoramento & Observability","Operações de TI","1.0","FORNECEDOR","ONPREMISES","Ativo","MANTER","","SaaS",""
"Postgre SQL","Postgre SQL - Data Warehouse e Data Lake","Data & Storage","Dados & Analytics","1.0","FORNECEDOR","CLOUD","Ativo","MANTER","","SaaS","Alexandre Palmieri Sad"
"Composer","Composer - Data Warehouse e Data Lake","Data & Storage","Dados & Analytics","1.0","PROPRIO","CLOUD","Ativo","MANTER","","","Alexandre Palmieri Sad"
"DataProc","DataProc - Data Warehouse e Data Lake","Data & Storage","Dados & Analytics","1.0","PROPRIO","CLOUD","Ativo","MANTER","","TRAD.",""
"Hadoop","Hadoop - Data Warehouse e Data Lake","Data & Storage","Dados & Analytics","1.0","FORNECEDOR","ONPREMISES","Inativo","DESCONTINUAR","","SaaS","Alexandre Palmieri Sad"
"DataStudio","DataStudio - Operational Reporting","Operational Reporting","Dados & Analytics","1.0","FORNECEDOR","CLOUD","Inativo","DESCONTINUAR","","SaaS","Alexandre Palmieri Sad"
"ELK","ELK - Operational Reporting","Monitoramento & Observability","Operações de TI","1.0","FORNECEDOR","ONPREMISES","Ativo","MANTER","","SaaS","Benylton Lucas Santos Silva"
"Bacen","Sistema cadastrado para a capacidade Ã“rgãos Reguladores.","Órgãos Reguladores","Integrações Externas","1.0","FORNECEDOR","CLOUD","Ativo","MANTER","","SAAS",""
"BMF Bovespa","Sistema cadastrado para a capacidade Ã“rgãos Reguladores.","Órgãos Reguladores","Integrações Externas","1.0","PARCEIROS","CLOUD","Ativo","MANTER","","SAAS",""
"Cetip","Sistema cadastrado para a capacidade Ã“rgãos Reguladores.","Órgãos Reguladores","Integrações Externas","1.0","PARCEIROS","CLOUD","Ativo","MANTER","","SAAS",""
"Nuclea","Sistema cadastrado para a capacidade Ã“rgãos Reguladores.","Órgãos Reguladores","Integrações Externas","1.0","PARCEIROS","CLOUD","Ativo","MANTER","","SAAS",""
"COAF","Sistema cadastrado para a capacidade Ã“rgãos Reguladores.","Órgãos Reguladores","Integrações Externas","1.0","PARCEIROS","CLOUD","Ativo","MANTER","","SAAS",""
"Receita Federal","Sistema cadastrado para a capacidade Ã“rgãos Reguladores.","Órgãos Reguladores","Integrações Externas","1.0","PARCEIROS","CLOUD","Ativo","MANTER","","SAAS",""
"Selic","Sistema cadastrado para a capacidade Ã“rgãos Reguladores.","Órgãos Reguladores","Integrações Externas","1.0","FORNECEDOR","CLOUD","Ativo","SUBSTITUIR","","SAAS",""
"SCR","Sistema cadastrado para a capacidade Ã“rgãos Reguladores.","Órgãos Reguladores","Integrações Externas","1.0","FORNECEDOR","CLOUD","Ativo","SUBSTITUIR","","SAAS",""
"Contabilizei","Sistema cadastrado para a capacidade Parcerias.","Parcerias","Integrações Externas","1.0","PARCEIROS","CLOUD","Ativo","MANTER","","SAAS",""
"Algar","Sistema cadastrado para a capacidade Parcerias.","Parcerias","Integrações Externas","1.0","PARCEIROS","CLOUD","Ativo","MANTER","","SAAS",""
"Abrão Filho","Sistema cadastrado para a capacidade Parcerias.","Parcerias","Integrações Externas","1.0","PARCEIROS","CLOUD","Ativo","MANTER","","SAAS",""
"Parceiros Câmbio","Sistema cadastrado para a capacidade Parcerias.","Parcerias","Integrações Externas","1.0","PARCEIROS","CLOUD","Ativo","MANTER","","SAAS",""
"Parceiros PJ","Sistema cadastrado para a capacidade Parcerias.","Parcerias","Integrações Externas","1.0","PARCEIROS","ONPREMISES","Ativo","MANTER","","TRAD.",""
"Brapago","Sistema cadastrado para a capacidade Parcerias.","Parcerias","Integrações Externas","1.0","PARCEIROS","CLOUD","Ativo","MANTER","","SAAS",""
"Conta Azul","Sistema cadastrado para a capacidade Parcerias.","Parcerias","Integrações Externas","1.0","PARCEIROS","CLOUD","Ativo","MANTER","","SAAS",""
"Teros","Sistema cadastrado para a capacidade OpenBanking.","OpenBanking","Integrações Externas","1.0","FORNECEDOR","ONPREMISES","Ativo","DESCONTINUAR","","SAAS","Gerson Marques Junior"
"Bloomberg","Sistema cadastrado para a capacidade Notícias de Mercado.","Notícias de Mercado","Integrações Externas","1.0","PARCEIROS","CLOUD","Ativo","MANTER","","SAAS",""
"Agência Estado","Sistema cadastrado para a capacidade Notícias de Mercado.","Notícias de Mercado","Integrações Externas","1.0","PARCEIROS","CLOUD","Ativo","MANTER","","SAAS",""
"Enfoque","Sistema cadastrado para a capacidade Notícias de Mercado.","Notícias de Mercado","Integrações Externas","1.0","PARCEIROS","CLOUD","Ativo","MANTER","","SAAS",""
"Serasa","Sistema cadastrado para a capacidade Rating Crédito.","Rating Crédito","Integrações Externas","1.0","FORNECEDOR","CLOUD","Ativo","MANTER","","SAAS",""
"Boa Vista","Sistema cadastrado para a capacidade Rating Crédito.","Rating Crédito","Integrações Externas","1.0","FORNECEDOR","CLOUD","Ativo","MANTER","","SAAS",""
"Quod","Sistema cadastrado para a capacidade Rating Crédito.","Rating Crédito","Integrações Externas","1.0","FORNECEDOR","CLOUD","Ativo","MANTER","","SAAS",""
"E-Guardian","Sistema cadastrado para a capacidade Compliance e Sanções.","Compliance e Sanções","Integrações Externas","1.0","FORNECEDOR","CLOUD","Ativo","SUBSTITUIR","","SAAS",""
"Fircosoft","Sistema cadastrado para a capacidade Compliance e Sanções.","Compliance e Sanções","Integrações Externas","1.0","FORNECEDOR","CLOUD","Ativo","SUBSTITUIR","","SAAS",""
"Google Secret Manager","Sistema cadastrado para a capacidade Gestão de Configuração.","Gestão de Configuração","Operações de TI","1.0","FORNECEDOR","CLOUD","Ativo","MANTER","","SAAS",""
"Bitbucket","Sistema cadastrado para a capacidade Gestão de Configuração.","Gestão de Configuração","Operações de TI","1.0","FORNECEDOR","CLOUD","Ativo","SUBSTITUIR","","SAAS",""
"Prometheus","Sistema cadastrado para a capacidade Monitoramento de Infraestrutura.","Monitoramento & Observability","Operações de TI","1.0","FORNECEDOR","ONPREMISES","Ativo","MANTER","","SaaS",""
"Pingdom","Sistema cadastrado para a capacidade Monitoramento de Infraestrutura.","Monitoramento & Observability","Operações de TI","1.0","FORNECEDOR","CLOUD","Ativo","MANTER","","SaaS",""
"Stack Driver","Sistema cadastrado para a capacidade Monitoramento de Infraestrutura.","Monitoramento & Observability","Operações de TI","1.0","PROPRIO","CLOUD","Ativo","EVOLUIR","","",""
"OpsGenie","Sistema cadastrado para a capacidade Monitoramento de Infraestrutura.","Monitoramento & Observability","Operações de TI","1.0","FORNECEDOR","CLOUD","Ativo","EVOLUIR","","SaaS",""
"GrayLog","Sistema cadastrado para a capacidade Monitoramento de Infraestrutura.","Monitoramento & Observability","Operações de TI","1.0","FORNECEDOR","ONPREMISES","Ativo","SUBSTITUIR","","SaaS",""
"Portal IAM","Sistema cadastrado para a capacidade Gestão de HelpDesk.","Service Desk & ITSM","Operações de TI","1.0","FORNECEDOR","ONPREMISES","Ativo","DESCONTINUAR","","SaaS",""
"Security K8S","Sistema cadastrado para a capacidade Gestão de Segurança.","Gestão de Segurança","Operações de TI","1.0","PROPRIO","ONPREMISES","Ativo","SUBSTITUIR","","TRAD.","Benylton Lucas Santos Silva"
"BurpSuite","Sistema cadastrado para a capacidade Gestão de Segurança.","Gestão de Segurança","Operações de TI","1.0","FORNECEDOR","CLOUD","Ativo","SUBSTITUIR","","SAAS",""
"CheckMarx","Ferramenta de SAST para identificação de vulnerabilidades em código-fonte","Gestão de Segurança","Operações de TI","1.0","FORNECEDOR","CLOUD","Ativo","MANTER","","SAAS","Andre Carneiro De Castro"
"Sinqia Dr Lock","Sistema cadastrado para a capacidade Gestão de Segurança.","Contas & Cash Management","Produtos e Serviços","1.0","FORNECEDOR","ONPREMISES","Ativo","MANTER","","SAAS","Andre Carneiro De Castro"
"CA Portal","Sistema cadastrado para a capacidade Gestão de Segurança.","Gestão de Segurança","Operações de TI","1.0","FORNECEDOR","ONPREMISES","Ativo","DESCONTINUAR","","SAAS","Andre Carneiro De Castro"
"CRK SGA","Sistema cadastrado para a capacidade Gestão de Segurança.","Contábil, Fiscal e Financeiro","Sistemas Corporativos","1.0","FORNECEDOR","ONPREMISES","Ativo","MANTER","","SAAS","Amanda Damasceno"
"BitLocker","Sistema cadastrado para a capacidade Gestão de Segurança.","Gestão de Segurança","Operações de TI","1.0","FORNECEDOR","CLOUD","Ativo","EVOLUIR","","SAAS","Andre Carneiro De Castro"
"Firebase Test Lab","Plataforma de testes integrada do Google Firebase","Configuração e CI/CD","Operações de TI","1.0","FORNECEDOR","CLOUD","Ativo","MANTER","","SAAS",""
"Gemini Enterprise","Modelo Principal Google Gemini","IA Generativa (GenAI / LLM)","Inteligência Artificial","1.0","FORNECEDOR","ONPREMISES","Ativo","MANTER","","SAAS","Benylton Lucas Santos Silva"
"Github Copilot","Motor de IA principal liberado para o uso dentro do Banco BS2","IA Generativa (GenAI / LLM)","Inteligência Artificial","1.0","FORNECEDOR","CLOUD","Inativo","EVOLUIR","","SAAS","Benylton Lucas Santos Silva"
"Illumio","é uma solução de microsegmentação que impede a movimentação lateral de ataques em ambientes on‑premises, cloud e híbridos.","Gestão de Segurança","Operações de TI","1.0","FORNECEDOR","CLOUD","Ativo","MANTER","","SAAS","Andre Carneiro De Castro"
"InHire","Sistema para apoio a seleção de pessoal para RH.","RH (Recursos Humanos)","Sistemas Corporativos","1.0","FORNECEDOR","CLOUD","Ativo","MANTER","","SAAS","Amanda Damasceno"
"LiteLLM","Proxy de Inteligência Artificial","Plataforma de Integração & API","Integração e Orquestração","1.0","FORNECEDOR","CLOUD","Ativo","MANTER","","SAAS","Benylton Lucas Santos Silva"
"N8N","Orquestrador de fluxos de integração de APIs","Plataforma de Integração & API","Integração e Orquestração","1.0","FORNECEDOR","CLOUD","Ativo","MANTER","","SAAS","Benylton Lucas Santos Silva"
"SonarCloud","Ferramenta de avaliação de qualidade de código","Configuração e CI/CD","Operações de TI","1.0","FORNECEDOR","CLOUD","Ativo","EVOLUIR","","SAAS","Benylton Lucas Santos Silva"
"Certisign","","Gestão de Assinatura de Documentos","Sistemas Corporativos","1.0","FORNECEDOR","CLOUD","Ativo","EVOLUIR","","SAAS",""
"Carga DM01","Aplicação desktop encarregada de realizar a carga na base de dados DM01, utilizando os arquivos fornecidos pelo SCCD.","Contábil, Fiscal e Financeiro","Sistemas Corporativos","1.0","PROPRIO","ONPREMISES","Ativo","EVOLUIR","","","Amanda Damasceno"
"CEC INTEGRAÇÃO","Legado de consulta de esteira de operação de consignado","Contábil, Fiscal e Financeiro","Sistemas Corporativos","1.0","PROPRIO","ONPREMISES","Ativo","EVOLUIR","","","Amanda Damasceno"
"CEC SERVICE","Legado para atender a integração do sistema CEC - esteira de Consignado","Contábil, Fiscal e Financeiro","Sistemas Corporativos","1.0","PROPRIO","ONPREMISES","Ativo","EVOLUIR","","","Amanda Damasceno"
"CIL","Consolidador de informações contábeis","Contábil, Fiscal e Financeiro","Sistemas Corporativos","1.0","FORNECEDOR","CLOUD","Ativo","MANTER","","SAAS","Amanda Damasceno"
"Conta Remunerada","Conta remunerada/renda fixa","Financeiras","Sistemas Corporativos","1.0","PROPRIO","ONPREMISES","Ativo","DESCONTINUAR","","TRAD.","Amanda Damasceno"
"CRK - BM&F","Sistema de Mercados Futuros","Financeiras","Sistemas Corporativos","1.0","FORNECEDOR","ONPREMISES","Ativo","MANTER","","SAAS","Amanda Damasceno"
"CRK - CCS","Sistema de Integração com CCS (sistema financeiro nacional)","Contábil, Fiscal e Financeiro","Sistemas Corporativos","1.0","FORNECEDOR","ONPREMISES","Ativo","MANTER","","SaaS","Amanda Damasceno"
"CRK - CIC","Sistema de Índices","Financeiras","Sistemas Corporativos","1.0","FORNECEDOR","ONPREMISES","Ativo","MANTER","","SAAS","Amanda Damasceno"
"CRK - Conciliador (ADT WEB)","Sistema de conciliação financeira","Contábil, Fiscal e Financeiro","Sistemas Corporativos","1.0","PROPRIO","ONPREMISES","Ativo","MANTER","","TRAD.","Amanda Damasceno"
"CRK - Contábil e Fiscal","Gestão - Contábil: Hub de Contabilidade, responsável por consolidar todas os lançamentos contábeis dos sistemas BS2 para composição do Balanço. Gestão - Fiscal: Módulo responsável por envio das informações fiscais aos órgãos reguladores (Bacen, Receita Federal, FGC, etc). Easy Tributos: Envio de informações fiscais à Receita","Contábil, Fiscal e Financeiro","Sistemas Corporativos","1.0","FORNECEDOR","ONPREMISES","Ativo","MANTER","","SAAS","Amanda Damasceno"
"CRK - Gestão Financeira","Contas a pagar e liquidação financeira","Financeiras","Sistemas Corporativos","1.0","FORNECEDOR","ONPREMISES","Ativo","MANTER","","SAAS","Amanda Damasceno"
"CRK - GIN","Robô que faz a integração do CRK com outras aplicações (como por exemplo, o SPB)","Contábil, Fiscal e Financeiro","Sistemas Corporativos","1.0","FORNECEDOR","ONPREMISES","Ativo","MANTER","","SaaS","Amanda Damasceno"
"CRK - REN","Sistema responsável pela entrada das operações de Renda fixa, bem com a valorização diária dos passivos e ativos, geração de insumos contábeis e relatórios gerenciais que atendem toda a empresa.","Financeiras","Sistemas Corporativos","1.0","FORNECEDOR","ONPREMISES","Ativo","MANTER","","SAAS","Amanda Damasceno"
"CRK - SGL","Gerenciador de Lastro para operações de Renda Fixa","Financeiras","Sistemas Corporativos","1.0","FORNECEDOR","ONPREMISES","Ativo","MANTER","","SAAS","Amanda Damasceno"
"CRK - SPB Evolution","Sistema que conecta o BS2 ao Bacen","Contábil, Fiscal e Financeiro","Sistemas Corporativos","1.0","FORNECEDOR","ONPREMISES","Ativo","MANTER","","SAAS","Amanda Damasceno"
"CRK CPN","Sistema responsável por integrar todas inclusões, atualizações dos cadastros de Pessoas Físicas, Jurídicas, Inst. Financeiras e clientes institucionaos enviados pelo CUC. O sistema também é responsável pelo cadastramento de clientes de Mercado.","Contábil, Fiscal e Financeiro","Sistemas Corporativos","1.0","FORNECEDOR","ONPREMISES","Ativo","MANTER","","SaaS","Amanda Damasceno"
"E-Financeira","Sistema de envio de arquivos para a Receita Federal, para cumprimento de obrigações legais","Contábil, Fiscal e Financeiro","Sistemas Corporativos","1.0","FORNECEDOR","CLOUD","Ativo","EVOLUIR","","SAAS","Amanda Damasceno"
"Easy Tributos e IRPJ","Envio de regulatórios para a receita federal","Contábil, Fiscal e Financeiro","Sistemas Corporativos","1.0","FORNECEDOR","ONPREMISES","Ativo","EVOLUIR","","SAAS","Amanda Damasceno"
"FGC","o objeto do FGC, consideradas a missão institucional de contribuir para a manutenção da estabilidade do Sistema Financeiro Nacional e para a prevenção de crise bancária sistêmica, a contratação de operações de assistência ou de suporte financeiro, incluindo operações de liquidez com as instituições","Financeiras","Sistemas Corporativos","1.0","FORNECEDOR","ONPREMISES","Ativo","EVOLUIR","","SAAS","Amanda Damasceno"
"Foracesso","Realizar a liberação de acesso aos andares da organização","Contábil, Fiscal e Financeiro","Sistemas Corporativos","1.0","PROPRIO","ONPREMISES","Ativo","EVOLUIR","","","Amanda Damasceno"
"Forponto","Realizar o controle de jornada de trabalho do colaborador","RH (Recursos Humanos)","Sistemas Corporativos","1.0","FORNECEDOR","ONPREMISES","Ativo","EVOLUIR","","SAAS","Amanda Damasceno"
"FPW","Realizar a gestão da folha de pagamento da organização","RH (Recursos Humanos)","Sistemas Corporativos","1.0","FORNECEDOR","ONPREMISES","Ativo","EVOLUIR","","SAAS","Amanda Damasceno"
"Front Office","Boletador de operações de Investimentos","Contábil, Fiscal e Financeiro","Sistemas Corporativos","1.0","FORNECEDOR","ONPREMISES","Ativo","EVOLUIR","","SaaS","Amanda Damasceno"
"Gestão de carteiras","Atualização e manutenção de valores de precatórios","Financeiras","Sistemas Corporativos","1.0","PROPRIO","ONPREMISES","Ativo","EVOLUIR","","TRAD.","Amanda Damasceno"
"GRQA","Quitação antecipada de consignado, utilizado juntamente com o GAB","Financeiras","Sistemas Corporativos","1.0","PROPRIO","ONPREMISES","Ativo","DESCONTINUAR","","TRAD.","Amanda Damasceno"
"Mitra","Sistema regulatório e de governança corporativa utilizado pelo Banco BS2 para gestão integrada de processos front-to-back, com foco em compliance, controle de riscos, operações e relatórios regulatórios.","Risco e Compliance","Sistemas Corporativos","1.0","FORNECEDOR","CLOUD","Ativo","MANTER","","SAAS","Amanda Damasceno"
"Origem Precatórios","Negociação e aprovação de precatórios","Financeiras","Sistemas Corporativos","1.0","PROPRIO","ONPREMISES","Ativo","EVOLUIR","","TRAD.","Amanda Damasceno"
"Portal do contrato","Informações de consignados legados, formato de extrato - Olé","Contábil, Fiscal e Financeiro","Sistemas Corporativos","1.0","PROPRIO","ONPREMISES","Ativo","EVOLUIR","","","Amanda Damasceno"
"SCCC","Repasse de consignado para convenios (inss) - olé","Contábil, Fiscal e Financeiro","Sistemas Corporativos","1.0","PROPRIO","ONPREMISES","Ativo","EVOLUIR","","","Amanda Damasceno"
"SISCON","Portal serviços do consignado/Convenio - olé e bs2 (financeiro e controladoria)","Contábil, Fiscal e Financeiro","Sistemas Corporativos","1.0","PROPRIO","ONPREMISES","Ativo","EVOLUIR","","","Amanda Damasceno"
"SISCORP","Cadastro de alçada de aprovação","Risco e Compliance","Sistemas Corporativos","1.0","FORNECEDOR","ONPREMISES","Ativo","EVOLUIR","","SAAS","Amanda Damasceno"
"Sispro","Controle de patrimônio da organização","Procurement","Sistemas Corporativos","1.0","FORNECEDOR","HIBRIDO","Ativo","EVOLUIR","","SAAS","Amanda Damasceno"
"SISUNI","Gerencia o envio de carta de circularização de clientes para auditoria externa","Risco e Compliance","Sistemas Corporativos","1.0","FORNECEDOR","ONPREMISES","Ativo","EVOLUIR","","SAAS","Amanda Damasceno"
"SydleOne","Sistemas para Fluxos de processos","Contábil, Fiscal e Financeiro","Sistemas Corporativos","1.0","FORNECEDOR","HIBRIDO","Ativo","SUBSTITUIR","","SaaS","Amanda Damasceno"
"Vega","Sistema de Liquidação Centralizada","Financeiras","Sistemas Corporativos","1.0","PROPRIO","ONPREMISES","Ativo","MANTER","","TRAD.","Amanda Damasceno"
"WEBJUD","Sistema que conecta o Banco BS2 ao Conselho Nacional de Justiça (CNJ) para recebimento de bloqueios e desbloqueios judiciais","Contábil, Fiscal e Financeiro","Sistemas Corporativos","1.0","FORNECEDOR","ONPREMISES","Ativo","EVOLUIR","","SaaS","Amanda Damasceno"
"Wincred - Caixa","Wincred Caixa: Módulo de Caixa do Banco para autenticação de documentos, contingência de pagamentos, Boletos e TEDs, envio de arquivos de títulos para a ABBC","Contábil, Fiscal e Financeiro","Sistemas Corporativos","1.0","FORNECEDOR","ONPREMISES","Ativo","DESCONTINUAR","","SaaS","Amanda Damasceno"
"Wincred - Retaguarda","Wincred Caixa: Módulo de Caixa do Banco para autenticação de documentos, contingência de pagamentos, Boletos e TEDs, envio de arquivos de títulos para a ABBC","Contábil, Fiscal e Financeiro","Sistemas Corporativos","1.0","FORNECEDOR","ONPREMISES","Ativo","DESCONTINUAR","","SaaS","Amanda Damasceno"
"Conta Garantia","Linha de crédito rotativo voltada para empresas que precisam reforçar o capital de giro e manter liquidez para operações do dia a dia.","Empréstimos e Financiamentos","Produtos e Serviços","1.0","PROPRIO","ONPREMISES","Ativo","EVOLUIR","","TRAD.","Alecsandro Cararo"
"Credit Flow","Sistema de esteira para analise e concessão de limite de credito para Corporate","Empréstimos e Financiamentos","Produtos e Serviços","1.0","FORNECEDOR","ONPREMISES","Ativo","MANTER","","SAAS","Alecsandro Cararo"
"CTC","Central de Transações de Cartões para processamento e autorização de operações.","Cartões","Produtos e Serviços","1.0","FORNECEDOR","CLOUD","Ativo","MANTER","","SAAS","Alecsandro Cararo"
"Emissor de Contrato","Sistema de minutas de contratos (Minutário)","Empréstimos e Financiamentos","Produtos e Serviços","1.0","FORNECEDOR","ONPREMISES","Ativo","MANTER","","SAAS","Alecsandro Cararo"
"FinVendas","Linha de crédito especializada para antecipação de recebíveis, criada para empresas que desejam financiar vendas a prazo sem comprometer o fluxo de caixa.","Empréstimos e Financiamentos","Produtos e Serviços","1.0","PROPRIO","CLOUD","Inativo","EVOLUIR","","TRAD.","Alecsandro Cararo"
"Antecipação de recebiveis (Muilt Adiq)","Submódulo do Fênix para gestão de baixa de títulos e operações performadas.","Empréstimos e Financiamentos","Produtos e Serviços","1.0","PROPRIO","HIBRIDO","Ativo","EVOLUIR","","TRAD.","Alecsandro Cararo"
"Cheque empresa","Submódulo do Fênix para gestão de cheques empresariais e operações relacionadas.","Empréstimos e Financiamentos","Produtos e Serviços","1.0","PROPRIO","ONPREMISES","Ativo","EVOLUIR","","TRAD.","Alecsandro Cararo"
"Easy Collector","Sistema de cobrança para gestão de carteiras, recebimentos e acompanhamento operacional.","Empréstimos e Financiamentos","Produtos e Serviços","1.0","FORNECEDOR","ONPREMISES","Ativo","MANTER","","SAAS","Alecsandro Cararo"
"Broadcast","Consulta de taxas","Câmbio e Moeda Estrangeira","Produtos e Serviços","1.0.0","FORNECEDOR","CLOUD","Ativo","MANTER","","SAAS","Celso Milan Filho"
"Origem Câmbio","Suportar o processo de precificação e fechamento das transações de Câmbio do BS2 oriundas de negociações proprias, de parceiros e da Conta Internacional. Manter controle das documentações e dos limites operacionais de Clientes de Cambio. Aprovar alçadas para transações alvusas e/ou de aumento de limite. Estruturar e coletar conformidade de contrato junto a a clientes via Notificação Digital de Contratos de Câmbio. Orquestar, legitimar e integrar as operações para processamento no back.","Câmbio e Moeda Estrangeira","Produtos e Serviços","1.0.0","PROPRIO","ONPREMISES","Ativo","MANTER","","TRAD.","Celso Milan Filho"
"Portal de Parceiros Câmbio","Plataforma digital voltada para gestão e interação com parceiros comerciais e correspondentes cambiais","Câmbio e Moeda Estrangeira","Produtos e Serviços","1.0.0","PROPRIO","ONPREMISES","Ativo","EVOLUIR","","TRAD.","Celso Milan Filho"
"Reuters","Sistema negociação mesa câmbio","Câmbio e Moeda Estrangeira","Produtos e Serviços","1.0.0","FORNECEDOR","CLOUD","Ativo","SUBSTITUIR","","SAAS","Celso Milan Filho"
"Onboarding PF","Fluxo de abertura de Contas PF via GO Multi!","Câmbio e Moeda Estrangeira","Produtos e Serviços","1.0.0","PROPRIO","ONPREMISES","Ativo","EVOLUIR","","TRAD.","Andre Carneiro De Castro"
"PRESENTA","","Produtividade e Colaboração Corporativa","Sistemas Corporativos","1.0","FORNECEDOR","CLOUD","Ativo","MANTER","","SAAS","Amanda Damasceno"
"Quantum","","Contábil, Fiscal e Financeiro","Sistemas Corporativos","1.0","FORNECEDOR","CLOUD","Ativo","MANTER","","SAAS","Amanda Damasceno"
"Qgestora","","Contábil, Fiscal e Financeiro","Sistemas Corporativos","1.0","FORNECEDOR","CLOUD","Ativo","MANTER","","SAAS","Amanda Damasceno"
"REFINITIV","","Contábil, Fiscal e Financeiro","Sistemas Corporativos","1.0","FORNECEDOR","CLOUD","Ativo","MANTER","","SAAS","Amanda Damasceno"
"Semrush","","Produtividade e Colaboração Corporativa","Sistemas Corporativos","1.0","FORNECEDOR","CLOUD","Ativo","MANTER","","SAAS","Amanda Damasceno"
"Onfly","","RH (Recursos Humanos)","Sistemas Corporativos","1.0","FORNECEDOR","CLOUD","Ativo","MANTER","","SAAS","Amanda Damasceno"
"SISPRO","","Contábil, Fiscal e Financeiro","Sistemas Corporativos","1.0","FORNECEDOR","CLOUD","Ativo","MANTER","","SAAS","Amanda Damasceno"
"Sony Vegas","","Produtividade e Colaboração Corporativa","Sistemas Corporativos","1.0","FORNECEDOR","ONPREMISES","Ativo","MANTER","","SAAS","Amanda Damasceno"
"SUPORTE Consultoria","","Risco e Compliance","Sistemas Corporativos","1.0","FORNECEDOR","CLOUD","Ativo","MANTER","","SAAS","Amanda Damasceno"
"Turivus","","RH (Recursos Humanos)","Sistemas Corporativos","1.0","FORNECEDOR","CLOUD","Em Implantação","MANTER","","SAAS","Amanda Damasceno"
"Github Copilot","Motor de IA principal liberado para o uso dentro do Banco BS2","IA Generativa (GenAI / LLM)","Inteligência Artificial","1.0","FORNECEDOR","CLOUD","Inativo","EVOLUIR","","SAAS","Mayra Yumi Sokabe"
"NetAdm","Portal de Acessos","Segurança da Informação","Operações de TI","1.0.0","PROPRIO","ONPREMISES","Ativo","MANTER","","TRAD.","Andre Carneiro De Castro"
"Splunk","Emitir relatórios para gestão das fraudes","Segurança da Informação","Operações de TI","1.0.0","FORNECEDOR","CLOUD","Ativo","MANTER","","SAAS","Andre Carneiro De Castro"
"NetAdmin","Ferramenta de administração e controle de acessos","Gestão de Segurança","Operações de TI","1.0","FORNECEDOR","CLOUD","Ativo","MANTER","","SAAS","Andre Carneiro De Castro"
"OneTrust","Plataforma de gestão de privacidade e LGPD, incluindo inventário de dados, gestão de consentimento(cookies), gestão de fornecedores e gestão de incidentes","Gestão de Segurança","Operações de TI","1.0","FORNECEDOR","CLOUD","Ativo","MANTER","","SAAS","Andre Carneiro De Castro"
"CheckMarx - Scans Simultaneos e add-on IDE","Ampliação de capacidade de varredura simultânea e integração com IDEs, permitindo segurança desde o desenvolvimento","Gestão de Segurança","Operações de TI","1.0","FORNECEDOR","CLOUD","Ativo","MANTER","","SAAS","Andre Carneiro De Castro"
"Suporte Checkmarx","Suporte técnico, atualização de regras e apoio na operação da ferramenta","Gestão de Segurança","Operações de TI","1.0","FORNECEDOR","CLOUD","Ativo","MANTER","","SAAS","Andre Carneiro De Castro"
"ADAudit","Monitoramento e auditoria de ativos do Active Directory, incluindo acessos, alterações e atividades suspeitas","Gestão de Segurança","Operações de TI","1.0","FORNECEDOR","CLOUD","Ativo","MANTER","","SAAS","Andre Carneiro De Castro"
"ADAudit - add Adiq","Monitoramento e auditoria de ativos do Active Directory, incluindo acessos, alterações e atividades suspeitas para o ambiente Payments","Gestão de Segurança","Operações de TI","1.0","FORNECEDOR","CLOUD","Ativo","MANTER","","SAAS","Andre Carneiro De Castro"
"BurpSuite Enterprise","Ferramenta de Pentest","Gestão de Segurança","Operações de TI","1.0","FORNECEDOR","CLOUD","Ativo","MANTER","","SAAS","Andre Carneiro De Castro"
"Threat Intel","Serviços ou plataformas de inteligência de ameaças, com indicadores de comprometimento (IOCs) e contexto de risco","Segurança da Informação","Operações de TI","1.0","FORNECEDOR","CLOUD","Ativo","MANTER","","SAAS","Andre Carneiro De Castro"
"Zscaler ZPA - Licenciamento","Solução de Zero Trust para acesso seguro a aplicações internas sem exposição à internet","Gestão de Segurança","Operações de TI","1.0","FORNECEDOR","CLOUD","Ativo","MANTER","","SAAS","Andre Carneiro De Castro"
"Zscaler - Sustentação","Suporte às soluções Zscaler","Gestão de Segurança","Operações de TI","1.0","FORNECEDOR","CLOUD","Ativo","MANTER","","SAAS","Andre Carneiro De Castro"
"Seguro Cyber","Seguro para mitigação financeira de incidentes cibernéticos, incluindo resposta a incidentes, multas e custos legais","Segurança da Informação","Operações de TI","1.0","FORNECEDOR","CLOUD","Ativo","MANTER","","SAAS","Andre Carneiro De Castro"
"Akamai","Serviços de proteção contra DDoS, WAF, CDN e segurança de aplicações expostas à internet","Segurança da Informação","Operações de TI","1.0","FORNECEDOR","CLOUD","Ativo","MANTER","","SAAS","Andre Carneiro De Castro"
"Tenable","Ferramenta de gestão de vulnerabilidades, inventário de ativos e priorização de riscos","Segurança da Informação","Operações de TI","1.0","FORNECEDOR","CLOUD","Ativo","MANTER","","SAAS","Andre Carneiro De Castro"
"Teramind","Solução de monitoramento de usuários e prevenção de insider threat e comportamento","Segurança da Informação","Operações de TI","1.0","FORNECEDOR","CLOUD","Ativo","MANTER","","SAAS","Andre Carneiro De Castro"
"Delphix - Mascaramento - licença - Parte SI","Solução para anonimizar e mascarar dados sensíveis (ex.: dados pessoais e financeiros) em ambientes de teste e desenvolvimento, preservando a estrutura dos dados reais e reduzindo riscos de vazamento e não conformidade","Segurança da Informação","Operações de TI","1.0","FORNECEDOR","CLOUD","Ativo","MANTER","","SAAS","Andre Carneiro De Castro"
"Reco","Shadow SAAS e CASB, para detecção de riscos, exposições e comportamentos anômalos em aplicações em nuvem","Segurança da Informação","Operações de TI","1.0","FORNECEDOR","CLOUD","Ativo","MANTER","","SAAS","Andre Carneiro De Castro"
"Trance Insights","Ferramenta de antifraude focada em 3 elementos: Identidade, Conexão e Dispositivo. Os três elementos em conjunto atuam na detecção de fraude e análise do comportamento do usuário.","Segurança da Informação","Operações de TI","1.0","FORNECEDOR","CLOUD","Ativo","MANTER","","SAAS","Andre Carneiro De Castro"
"HSM - Migração de Chaves","Dispositivo criptográfico seguro usado para gerar, armazenar e proteger chaves criptográficas, realizando operações de criptografia sem expor as chaves, atendendo requisitos como PCI DSS/PIN","Gestão de Segurança","Operações de TI","1.0","FORNECEDOR","CLOUD","Ativo","MANTER","","SAAS","Andre Carneiro De Castro"
"FS-ISAC - MISP","plataforma de divulgação de fraudes","Segurança da Informação","Operações de TI","1.0","FORNECEDOR","CLOUD","Ativo","MANTER","","SAAS","Andre Carneiro De Castro"
"Data Lake Cyber (GCP)","Finalidade do datalake além de armazenamento de dados serve como fonte para a disponibilização de dashboards analíticos para o time de si, bem como também análises pontuais sobre clientes, situação cadastral e afins. Além desse ponto, os dados que foram armazenados no lake serviram de insumo para extração de insights de melhorias e treinamentos dos modelos antifraude. A extração de dados também foi facilitada pelo lake, principalmente para os analistas antifraude que consomem esses dados na tomada de decisão","Segurança da Informação","Operações de TI","1.0","FORNECEDOR","CLOUD","Ativo","MANTER","","SAAS","Andre Carneiro De Castro"
"Buckets Cyber (AWS)","Armazém de dados frios do Splunk. Serve como bacukp de logs.","Segurança da Informação","Operações de TI","1.0","FORNECEDOR","CLOUD","Ativo","MANTER","","SAAS","Andre Carneiro De Castro"
"Suporte Trend Micro","Superto ao EDR/XDR Trend Micro","Segurança da Informação","Operações de TI","1.0","FORNECEDOR","CLOUD","Ativo","MANTER","","SAAS","Andre Carneiro De Castro"
"PCI PIN/DSS","Atesta que a organização atende aos padrões internacionais de segurança para proteção de dados de cartão (PCI DSS) e aos requisitos específicos para processamento e proteção de PINs e chaves criptográficas (PCI PIN), especialmente em ambientes com HSM","Segurança da Informação","Operações de TI","1.0","FORNECEDOR","CLOUD","Ativo","MANTER","","SAAS","Andre Carneiro De Castro"
"Hop (HSM's de homologação)","Serviço de Cloud HSM de Pagamentos para testes em HML","Gestão de Segurança","Operações de TI","1.0","FORNECEDOR","CLOUD","Ativo","MANTER","","SAAS","Andre Carneiro De Castro"
"Suporte One Trust (LGPD)","Suporte de implantação de regras e manutenção da Plataforma de gestão de privacidade e LGPD","Gestão de Segurança","Operações de TI","1.0","FORNECEDOR","CLOUD","Ativo","MANTER","","SAAS","Andre Carneiro De Castro"
"SIEM (Qradar)","coleta, correlaciona e analisa logs e eventos de segurança. É usada para detecção de incidentes, investigação e resposta, apoiando o SOC","Segurança da Informação","Operações de TI","1.0","FORNECEDOR","CLOUD","Ativo","MANTER","","SAAS","Andre Carneiro De Castro"
"Trend Micro","EDR; proteção contra malware, ransomware e ameaças avançadas, com soluções para endpoints, servidores, e ambientes cloud","Segurança da Informação","Operações de TI","1.0","FORNECEDOR","CLOUD","Ativo","MANTER","","SAAS","Andre Carneiro De Castro"
"Licença One Trust (LGPD)","Plataforma de gestão de privacidade e LGPD","Gestão de Segurança","Operações de TI","1.0","FORNECEDOR","CLOUD","Ativo","MANTER","","SAAS","Andre Carneiro De Castro"
"Zscaler UVM","Monitoramento unificado de postura, vulnerabilidades e exposições","Segurança da Informação","Operações de TI","1.0","FORNECEDOR","CLOUD","Ativo","MANTER","","SAAS","Andre Carneiro De Castro"
"IBM Guardium","Data Security Platform para monitoramento, proteção e auditoria de dados sensíveis, especialmente bancos de dados","Segurança da Informação","Operações de TI","1.0","FORNECEDOR","CLOUD","Ativo","MANTER","","SAAS","Andre Carneiro De Castro"
"Jamf","Plataforma de gestão e segurança de dispositivos Apple","Gestão de Segurança","Operações de TI","1.0","FORNECEDOR","CLOUD","Ativo","MANTER","","SAAS","Andre Carneiro De Castro"
"GCP SCC","Plataforma nativa do Google Cloud para gestão de riscos, vulnerabilidades e postura de segurança em cloud","Gestão de Segurança","Operações de TI","1.0","FORNECEDOR","SAAS","Ativo","MANTER","","SAAS","Andre Carneiro De Castro"
"Algosec BS2","Solução para gestão de políticas de firewall, análise de riscos, automação de mudanças e compliance de rede","Gestão de Segurança","Operações de TI","1.0","FORNECEDOR","CLOUD","Ativo","MANTER","","SAAS","Andre Carneiro De Castro"
"Boitatá - Apura","plataforma de Cyber Threat Intelligence Apura, focada no monitoramento contínuo da surface web, deep web e dark web para identificação de ameaças, vazamentos, fraudes e campanhas maliciosas.","Segurança da Informação","Operações de TI","1.0","FORNECEDOR","CLOUD","Ativo","MANTER","","SAAS","Andre Carneiro De Castro"
"M365 - BitLocker","Tecnologia de criptografia de disco do Windows que protege dados em repouso, impedindo acesso não autorizado em caso de perda ou roubo do dispositivo","Gestão de Segurança","Operações de TI","1.0","FORNECEDOR","CLOUD","Ativo","MANTER","","SAAS","Andre Carneiro De Castro"
"M365 - Defender","EDR/XDR; soluções de segurança e proteção contra ameaças (endpoint, identidade, e-mail, aplicativos e cloud) voltado à prevenção, detecção e resposta a incidentes","Segurança da Informação","Operações de TI","1.0","FORNECEDOR","SAAS","Ativo","MANTER","","SAAS","Andre Carneiro De Castro"
"M365 - Intune","Plataforma de gerenciamento de dispositivos e aplicações que permite aplicar políticas de segurança, conformidade e configurações em endpoints corporativos","Gestão de Segurança","Operações de TI","1.0","FORNECEDOR","CLOUD","Ativo","MANTER","","SAAS","Andre Carneiro De Castro"
"M365 - Entra","soluções de identidade e acesso da Microsoft, usada para controlar autenticação, autorização, acesso condicional e identidades híbridas e cloud","Gestão de Segurança","Operações de TI","1.0","FORNECEDOR","SAAS","Ativo","MANTER","","SAAS","Andre Carneiro De Castro"
"M365 - Azure AD","Serviço de gerenciamento de identidade e autenticação em nuvem, responsável por login, MFA, Single Sign-On e controle de acesso aos recursos do M365 e aplicações externas","Gestão de Segurança","Operações de TI","1.0","FORNECEDOR","CLOUD","Ativo","MANTER","","SAAS","Andre Carneiro De Castro"
"M365 - Purview","Solução de governança, classificação, proteção e conformidade de dados, incluindo DLP, rótulos de sensibilidade, eDiscovery e gestão do ciclo de vida da informação","Segurança da Informação","Operações de TI","1.0","FORNECEDOR","CLOUD","Ativo","MANTER","","SAAS","Andre Carneiro De Castro"
"M365 - Admin Center","Portal central de administração do Microsoft 365, usado para gerenciar usuários, licenças, configurações, segurança e serviços da plataforma","Gestão de Segurança","Operações de TI","1.0","FORNECEDOR","CLOUD","Ativo","MANTER","","SAAS","Andre Carneiro De Castro"